{"plasmidfinder": {"user_input": {"filename(s)": ["output/query.fna"], "method": "blast", "file_format": "fasta"}, "run_info": {"date": "17.06.2022", "time": "10:53:58"}, "results": {"Enterobacteriaceae": {"enterobacteriaceae": {"2 length=135479 depth=1.00x:132777..133164:IncFIA_1__AP001918:99.742268": {"plasmid": "IncFIA", "identity": 99.74, "HSP_length": 388, "template_length": 388, "position_in_ref": "1..388", "contig_name": "2 length=135479 depth=1.00x", "positions_in_contig": "132777..133164", "note": "", "accession": "AP001918", "coverage": 100.0, "hit_id": "2 length=135479 depth=1.00x:132777..133164:IncFIA_1__AP001918:99.742268"}, "2 length=135479 depth=1.00x:65694..65954:IncFII_1__AY458016:100.000000": {"plasmid": "IncFII", "identity": 100.0, "HSP_length": 261, "template_length": 261, "position_in_ref": "1..261", "contig_name": "2 length=135479 depth=1.00x", "positions_in_contig": "65694..65954", "note": "", "accession": "AY458016", "coverage": 100.0, "hit_id": "2 length=135479 depth=1.00x:65694..65954:IncFII_1__AY458016:100.000000"}}}, "Gram Positive": {"gram_positive": "No hit found"}}}}