[{"occurrence_number": 1, "name": "typeF", "replicon": {"length": 147, "name": "UserReplicon", "topology": "linear"}, "genes": [{"sequence_length": 126, "id": "2_76", "position": 76}, {"sequence_length": 72, "id": "2_77", "position": 77}, {"sequence_length": 187, "id": "2_78", "position": 78}, {"sequence_length": 287, "id": "2_79", "position": 79}, {"sequence_length": 249, "id": "2_80", "position": 80}, {"function": "MOBB", "gene_status": "mandatory", "end_match": 263, "begin_match": 1, "system": "CONJ", "score": 317.6, "sequence_coverage": 0.14968696642003415, "sequence_length": 1757, "i_eval": 6.6e-97, "position": 81, "profile_coverage": 1.0, "id": "2_81", "match": "MOBF"}, {"function": "t4cp1", "gene_status": "mandatory", "end_match": 562, "begin_match": 340, "system": "CONJ", "score": 152.6, "sequence_coverage": 0.3042291950886767, "sequence_length": 733, "i_eval": 7.4e-47, "position": 82, "profile_coverage": 0.9954954954954955, "id": "2_82", "match": "t4cp2"}, {"sequence_length": 246, "id": "2_83", "position": 83}, {"sequence_length": 244, "id": "2_84", "position": 84}, {"sequence_length": 160, "id": "2_85", "position": 85}, {"gene_status": "accessory", "end_match": 937, "begin_match": 1, "system": "typeF", "score": 1501.8, "sequence_coverage": 0.9957492029755579, "sequence_length": 941, "i_eval": 0.0, "position": 86, "profile_coverage": 0.9989451476793249, "id": "2_86", "match": "F_traG"}, {"gene_status": "accessory", "end_match": 454, "begin_match": 1, "system": "typeF", "score": 820.3, "sequence_coverage": 0.9912663755458515, "sequence_length": 458, "i_eval": 3.2e-249, "position": 87, "profile_coverage": 0.982646420824295, "id": "2_87", "match": "F_traH"}, {"sequence_length": 131, "id": "2_88", "position": 88}, {"sequence_length": 182, "id": "2_89", "position": 89}, {"sequence_length": 95, "id": "2_90", "position": 90}, {"sequence_length": 115, "id": "2_91", "position": 91}, {"gene_status": "accessory", "end_match": 241, "begin_match": 21, "system": "typeF", "score": 140.9, "sequence_coverage": 0.8911290322580645, "sequence_length": 248, "i_eval": 3.6e-43, "position": 92, "profile_coverage": 0.7971014492753623, "id": "2_92", "match": "F_traF"}, {"sequence_length": 86, "id": "2_93", "position": 93}, {"gene_status": "accessory", "end_match": 616, "begin_match": 2, "system": "typeF", "score": 649.5, "sequence_coverage": 0.9967585089141004, "sequence_length": 617, "i_eval": 6.7e-197, "position": 94, "profile_coverage": 0.9740458015267176, "id": "2_94", "match": "F_traN"}, {"gene_status": "accessory", "end_match": 209, "begin_match": 1, "system": "typeF", "score": 282.5, "sequence_coverage": 0.9812206572769953, "sequence_length": 213, "i_eval": 2.2e-86, "position": 95, "profile_coverage": 0.9606986899563319, "id": "2_95", "match": "F_trbC"}, {"sequence_length": 102, "id": "2_96", "position": 96}, {"sequence_length": 235, "id": "2_97", "position": 97}, {"sequence_length": 836, "id": "2_98", "position": 98}, {"sequence_length": 287, "id": "2_99", "position": 99}, {"sequence_length": 186, "id": "2_100", "position": 100}, {"sequence_length": 73, "id": "2_101", "position": 101}, {"sequence_length": 421, "id": "2_102", "position": 102}, {"sequence_length": 41, "id": "2_103", "position": 103}, {"sequence_length": 235, "id": "2_104", "position": 104}, {"gene_status": "mandatory", "end_match": 870, "begin_match": 5, "system": "CONJ", "score": 569.4, "sequence_coverage": 0.9874572405929305, "sequence_length": 877, "i_eval": 1.4e-172, "position": 105, "profile_coverage": 0.8579003181336161, "id": "2_105", "match": "virb4"}, {"sequence_length": 35, "id": "2_106", "position": 106}, {"sequence_length": 74, "id": "2_107", "position": 107}, {"gene_status": "accessory", "end_match": 166, "begin_match": 1, "system": "typeF", "score": 175.6, "sequence_coverage": 0.9651162790697675, "sequence_length": 172, "i_eval": 1.4e-53, "position": 108, "profile_coverage": 0.6122448979591837, "id": "2_108", "match": "F_traV"}, {"sequence_length": 84, "id": "2_109", "position": 109}, {"sequence_length": 107, "id": "2_110", "position": 110}, {"sequence_length": 195, "id": "2_111", "position": 111}, {"gene_status": "accessory", "end_match": 411, "begin_match": 9, "system": "typeF", "score": 186.7, "sequence_coverage": 0.8466386554621849, "sequence_length": 476, "i_eval": 6e-57, "position": 112, "profile_coverage": 0.9419953596287703, "id": "2_112", "match": "F_traB"}, {"gene_status": "accessory", "end_match": 242, "begin_match": 1, "system": "typeF", "score": 259.0, "sequence_coverage": 0.9958847736625515, "sequence_length": 243, "i_eval": 4.2e-79, "position": 113, "profile_coverage": 0.920863309352518, "id": "2_113", "match": "F_traK"}, {"gene_status": "accessory", "end_match": 187, "begin_match": 1, "system": "typeF", "score": 230.6, "sequence_coverage": 0.9894179894179894, "sequence_length": 189, "i_eval": 8.3e-71, "position": 114, "profile_coverage": 0.9844559585492227, "id": "2_114", "match": "F_traE"}, {"gene_status": "accessory", "end_match": 104, "begin_match": 7, "system": "typeF", "score": 145.1, "sequence_coverage": 0.9333333333333333, "sequence_length": 105, "i_eval": 5.1e-45, "position": 115, "profile_coverage": 0.98, "id": "2_115", "match": "F_traL"}, {"sequence_length": 121, "id": "2_116", "position": 116}, {"sequence_length": 76, "id": "2_117", "position": 117}, {"sequence_length": 229, "id": "2_118", "position": 118}, {"sequence_length": 128, "id": "2_119", "position": 119}, {"sequence_length": 216, "id": "2_120", "position": 120}], "summary": {"forbidden": {}, "mandatory": {"virb4": 1, "MOBB": 1, "t4cp1": 1}, "state": "single_locus", "accessory": {"F_traF": 1, "F_traG": 1, "F_traE": 1, "F_traB": 1, "F_traN": 1, "F_traL": 1, "F_trbC": 1, "F_traK": 1, "F_traH": 1, "F_traV": 1, "F_traW": 0, "F_traU": 0, "T_virB1": 0, "G_tfc7": 0}}, "id": "UserReplicon_typeF_1"}]