#Hit_Id	Replicon_name	Position	Sequence_length	Gene	Reference_system	Predicted_system	System_Id	System_status	Gene_status	i-evalue	Score	Profile_coverage	Sequence_coverage	Begin_match	End_match
2_81	UserReplicon	81	1757	MOBF	CONJ	typeF        	UserReplicon_typeF_1	single_locus	mandatory	6.600e-97	317.600	1.000	0.150        	1	263
2_82	UserReplicon	82	733	t4cp2	CONJ	typeF        	UserReplicon_typeF_1	single_locus	mandatory	7.400e-47	152.600	0.995	0.304        	340	562
2_86	UserReplicon	86	941	F_traG	typeF	typeF        	UserReplicon_typeF_1	single_locus	accessory	0.000e+00	1501.800	0.999	0.996        	1	937
2_87	UserReplicon	87	458	F_traH	typeF	typeF        	UserReplicon_typeF_1	single_locus	accessory	3.200e-249	820.300	0.983	0.991        	1	454
2_92	UserReplicon	92	248	F_traF	typeF	typeF        	UserReplicon_typeF_1	single_locus	accessory	3.600e-43	140.900	0.797	0.891        	21	241
2_94	UserReplicon	94	617	F_traN	typeF	typeF        	UserReplicon_typeF_1	single_locus	accessory	6.700e-197	649.500	0.974	0.997        	2	616
2_95	UserReplicon	95	213	F_trbC	typeF	typeF        	UserReplicon_typeF_1	single_locus	accessory	2.200e-86	282.500	0.961	0.981        	1	209
2_105	UserReplicon	105	877	virb4	CONJ	typeF        	UserReplicon_typeF_1	single_locus	mandatory	1.400e-172	569.400	0.858	0.987        	5	870
2_108	UserReplicon	108	172	F_traV	typeF	typeF        	UserReplicon_typeF_1	single_locus	accessory	1.400e-53	175.600	0.612	0.965        	1	166
2_112	UserReplicon	112	476	F_traB	typeF	typeF        	UserReplicon_typeF_1	single_locus	accessory	6.000e-57	186.700	0.942	0.847        	9	411
2_113	UserReplicon	113	243	F_traK	typeF	typeF        	UserReplicon_typeF_1	single_locus	accessory	4.200e-79	259.000	0.921	0.996        	1	242
2_114	UserReplicon	114	189	F_traE	typeF	typeF        	UserReplicon_typeF_1	single_locus	accessory	8.300e-71	230.600	0.984	0.989        	1	187
2_115	UserReplicon	115	105	F_traL	typeF	typeF        	UserReplicon_typeF_1	single_locus	accessory	5.100e-45	145.100	0.980	0.933        	7	104
